registriert,registered
klar,clear
empfangen,receive
Domain,domain
Methoden,methods
Kapitel,chapter
macht,makes
Schutz,protection
Richtlinien,policies
Darlehen,loan
weit,wide
Schönheit,beauty
Manager,manager
Position,position
genommen,taken
sortieren,sort
Auflistungen,listings
Modelle,models
bekannt,known
halb,half
Fälle,cases
Schritt,step
Technik,engineering
einfach,simple
schnell,quick
keine,none
drahtlos,wireless
Lizenz,license
See,lake
ganz,whole
jährlich,annual
veröffentlicht,published
später,later
grundlegend,basic
zeigt,shows
Unternehmen,corporate
Kirche,church
Methode,method
Kauf,purchase
Kunden,customers
aktiv,active
Antwort,response
Praxis,practice
Hardware,hardware
Figur,figure
Materialien,materials
Feuer,fire
Urlaub,holiday
Chat,chat
genug,enough
entworfen,designed
entlang,along
unter,among
Tod,death
Schreiben,writing
Geschwindigkeit,speed
Länder,countries
Verlust,loss
Gesicht,face
Marke,brand
Rabatt,discount
höher,higher
Effekte,effects
erstellt,created
erinnern,remember
Standards,standards
Öl,oil
gelb,yellow
politisch,political
Zunahme,increase
werben,advertise
Königreich,kingdom
Basis,base
nahe,near
Umwelt,environmental
Gedanke,thought
Sachen,stuff
französisch,French
Speicher,storage
tun,doing
Darlehen,loans
Schuhe,shoes
Eintrag,entry
stay,bleiben
nature,Natur
orders,Bestellungen
availability,Verfügbarkeit
summary,Zusammenfassung
turn,drehen
mean,bedeuten
growth,Wachstum
notes,Notizen
agency,Agentur
king,König
monday,Montag
european,europäisch
activity,Aktivität
copy,kopieren
although,obwohl
drug,Droge
registered,registriert
clear,klar
receive,empfangen
domain,Domain
methods,Methoden
chapter,Kapitel
makes,macht
protection,Schutz
policies,Richtlinien
loan,Darlehen
wide,weit
beauty,Schönheit
manager,Manager
position,Position
taken,genommen
sort,sortieren
listings,Auflistungen
models,Modelle
known,bekannt
half,halb
cases,Fälle
step,Schritt
engineering,Technik
simple,einfach
quick,schnell
none,keine
wireless,drahtlos
license,Lizenz
lake,See
whole,ganz
annual,jährlich
published,veröffentlicht
later,später
basic,grundlegend
shows,zeigt
corporate,Unternehmen
church,Kirche
method,Methode
purchase,Kauf
customers,Kunden
active,aktiv
response,Antwort
practice,Praxis
hardware,Hardware
figure,Figur
materials,Materialien
fire,Feuer
holiday,Urlaub
chat,Chat
enough,genug
designed,entworfen
along,entlang
among,unter
death,Tod
writing,Schreiben
speed,Geschwindigkeit
countries,Länder
loss,Verlust
face,Gesicht
brand,Marke
discount,Rabatt
higher,höher
effects,Effekte
created,erstellt
remember,erinnern
standards,Standards
oil,Öl
yellow,gelb
political,politisch
increase,Zunahme
advertise,werben
kingdom,Königreich
base,Basis
near,nahe
environmental,Umwelt
thought,Gedanke
stuff,Sachen
French,französisch
storage,Speicher
doing,tun
loans,Darlehen
shoes,Schuhe
entry,Eintrag
bleiben,stay
Natur,nature
Bestellungen,orders
Verfügbarkeit,availability
Zusammenfassung,summary
drehen,turn
bedeuten,mean
Wachstum,growth
Notizen,notes
Agentur,agency
König,king
Montag,monday
europäisch,european
Aktivität,activity
kopieren,copy
obwohl,although
Droge,drug